"","model","avg_sentence_length","avg_word_length","avg_total_words","avg_total_sentences","avg_unique_tokens","avg_ttr"
"1","claude-3-7-sonnet-20250219",22.5659078884973,6.22737425125591,549.068376068376,25.1111111111111,233.410256410256,0.432143199566412
"2","gemini-2.0-flash",21.4456015463283,5.72953676652679,557.205128205128,27.4615384615385,242.675213675214,0.446492938766586
"3","gpt-4o",20.9939297820987,6.14128685900039,489.034188034188,24.4017094017094,244.111111111111,0.501333750099829
